34,Inc5000 Company List,34,25357,34,140,Centric Digital,New York,New York City,6898.42,18045419,Business Products & Services,1,NY
41,Inc5000 Company List,41,26117,41,24,ReviMedia,New York,New York City,5817.13,5963105,Advertising & Marketing,1,NY
49,Inc5000 Company List,49,25654,49,30,Adore Me,New York,New York City,5505.55,5637838,Retail,1,NY
54,Inc5000 Company List,54,25453,54,46,Crowdtap,New York,New York City,5217.2,6261593,Advertising & Marketing,1,NY
65,Inc5000 Company List,65,26157,65,143,Tough Mudder,Brooklyn,New York City,4737.51,107900476,Health,1,NY
76,Inc5000 Company List,76,22998,76,126,Regal Wings,Brooklyn,New York City,4146.48,54355000,Travel & Hospitality,2,NY
84,Inc5000 Company List,84,25545,84,13,BuyBackWorld,Long Island City,New York City,4011.21,4139786,Consumer Products & Services,1,NY
99,Inc5000 Company List,99,26456,99,108,Global Energy Efficiency,Bronx,New York City,3588.58,12860765,Energy,1,NY
115,Inc5000 Company List,115,26395,115,87,Integral Ad Science,New York,New York City,3231.69,23442470,Advertising & Marketing,1,NY
121,Inc5000 Company List,121,26277,121,30,SeatGeek,New York,New York City,3039.13,12274000,Consumer Products & Services,1,NY
128,Inc5000 Company List,128,24789,128,64,Fueled,New York,New York City,2916.74,6486000,Advertising & Marketing,1,NY
130,Inc5000 Company List,130,24852,130,6,CPA Trend,Howard Beach,New York City,2842.94,5826876,Advertising & Marketing,1,NY
145,Inc5000 Company List,145,25620,145,160,MyClean,New York,New York City,2646.4,4399793,Consumer Products & Services,1,NY
204,Inc5000 Company List,204,23274,204,32,LocalResponse,New York,New York City,2152.89,9565336,Advertising & Marketing,2,NY
206,Inc5000 Company List,206,23044,206,84,Novisync Solutions,Fishkill,Poughkeepsie-Newburgh-Middletown NY,2143.79,8517670,IT Services,2,NY
214,Inc5000 Company List,214,25983,214,7,IDsecurityonline.com,New York,New York City,2093.03,4898356,Security,1,NY
236,Inc5000 Company List,236,26201,236,7,Eau De Luxe,Long Island City,New York City,1926.82,2540031,Retail,1,NY
238,Inc5000 Company List,238,25447,238,80,Avani Technology Solutions,Rochester,Rochester NY,1915.79,7333811,IT Services,1,NY
241,Inc5000 Company List,241,25276,241,10,Allurez,Great Neck,New York City,1895.02,3681934,Retail,1,NY
252,Inc5000 Company List,252,26217,252,54,H.Bloom,New York,New York City,1817.27,7209607,Consumer Products & Services,1,NY
255,Inc5000 Company List,255,25558,255,42,Solve Media,New York,New York City,1798.09,13031655,Advertising & Marketing,1,NY
262,Inc5000 Company List,262,23427,262,16,Optimatic Media,New York,New York City,1753.33,34313968,Advertising & Marketing,2,NY
276,Inc5000 Company List,276,25951,276,41,Accordant Media,New York,New York City,1663.01,27119347,Advertising & Marketing,1,NY
278,Inc5000 Company List,278,26075,278,268,Bareburger,Long Island City,New York City,1652.36,31150000,Food & Beverage,1,NY
292,Inc5000 Company List,292,23511,292,5,UpSurge Media Group,New York,New York City,1560.13,5577000,Advertising & Marketing,2,NY
300,Inc5000 Company List,300,24920,300,7,Noi Solutions,New York,New York City,1519.48,22833994,Business Products & Services,1,NY
304,Inc5000 Company List,304,25708,304,25,SiteCompli,New York,New York City,1512.31,5126072,Software,1,NY
321,Inc5000 Company List,321,25526,321,65,IIT,Hicksville,New York City,1446.16,18413056,IT Services,1,NY
327,Inc5000 Company List,327,21109,327,128,Refinery29,New York,New York City,1426.61,29142406,Media,3,NY
348,Inc5000 Company List,348,25078,348,5,The Participation Agency,New York,New York City,1351.79,2163161,Advertising & Marketing,1,NY
350,Inc5000 Company List,350,21516,350,18,BulbAmerica,Long Island City,New York City,1349.07,8958633,Retail,3,NY
352,Inc5000 Company List,352,24820,352,28,PureWow,New York,New York City,1335.29,3315511,Media,1,NY
382,Inc5000 Company List,382,25455,382,35,Dom & Tom,New York,New York City,1232.43,4051216,IT Services,1,NY
389,Inc5000 Company List,389,24829,389,4,New Tradition Media,New York,New York City,1208.58,2077365,Advertising & Marketing,1,NY
409,Inc5000 Company List,409,25142,409,17,Imagine Staffing Technology,Buffalo,Buffalo-Niagara Falls NY,1152.94,7596484,Human Resources,1,NY
420,Inc5000 Company List,420,26418,420,61,Transactis,New York,New York City,1125.77,5485216,Business Products & Services,1,NY
425,Inc5000 Company List,425,25117,425,45,Latin Markets,New York,New York City,1115.49,5864256,Financial Services,1,NY
428,Inc5000 Company List,428,25480,428,140,myThings,New York,New York City,1100.46,44707400,Advertising & Marketing,1,NY
432,Inc5000 Company List,432,25124,432,52,Fluent (New York NY),New York,New York City,1094.33,52688771,Advertising & Marketing,1,NY
436,Inc5000 Company List,436,26001,436,35,Perseus Telecom,New York,New York City,1089.01,22710000,Telecommunications,1,NY
439,Inc5000 Company List,439,25154,439,4,ToiletTree Products,Upper Nyack,New York City,1079.85,3353510,Consumer Products & Services,1,NY
472,Inc5000 Company List,472,25121,472,5,Marie Forleo International,New York,New York City,998.04,11930257,Education,1,NY
478,Inc5000 Company List,478,23407,478,81,Hipercept,New York,New York City,988.45,10536550,Real Estate,2,NY
480,Inc5000 Company List,480,25491,480,22,Nimbo,New York,New York City,987.3,4575693,IT Services,1,NY
497,Inc5000 Company List,497,25343,497,14,Petroleum Kings,New Rochelle,New York City,961.94,2623000,Energy,1,NY
498,Inc5000 Company List,498,25420,498,26,Fino Consulting,New York,New York City,956.15,6025002,Software,1,NY
505,Inc5000 Company List,505,26241,505,45,Pixafy,New York,New York City,934.88,4000194,Software,1,NY
507,Inc5000 Company List,507,25569,507,12,Amicus Creative Media,Port Washington,New York City,932.23,3107000,Advertising & Marketing,1,NY
541,Inc5000 Company List,541,25251,541,16,Social Media Link,New York,New York City,885.37,4220122,Advertising & Marketing,1,NY
554,Inc5000 Company List,554,25723,554,10,Upstate Coin & Gold,Fayetteville,Syracuse NY,867.43,57475696,Financial Services,1,NY
569,Inc5000 Company List,569,25400,569,8,Full Circle Home,New York,New York City,839.38,3670910,Consumer Products & Services,1,NY
570,Inc5000 Company List,570,23523,570,52,Adafruit,New York,New York City,839.16,22058337,Manufacturing,2,NY
597,Inc5000 Company List,597,26281,597,30,Kettle,New York,New York City,795.55,6003584,Advertising & Marketing,1,NY
608,Inc5000 Company List,608,26096,608,45,K&L Green Operations,Copiague,New York City,782.21,5145337,Energy,1,NY
644,Inc5000 Company List,644,25506,644,20,Kings Capital Construction,White Plains,New York City,713.94,6472728,Construction,1,NY
659,Inc5000 Company List,659,26188,659,60,Fora Financial,New York,New York City,698.19,18418300,Financial Services,1,NY
667,Inc5000 Company List,667,26131,667,94,eXelate,New York,New York City,686.59,28089000,Advertising & Marketing,1,NY
703,Inc5000 Company List,703,26365,703,26,Ready Set Rocket,New York,New York City,643.7,3071500,Advertising & Marketing,1,NY
722,Inc5000 Company List,722,23067,722,20,Gravity Media,New York,New York City,628.96,19106076,Advertising & Marketing,2,NY
726,Inc5000 Company List,726,21194,726,225,OnDeck,New York,New York City,627.49,65249287,Financial Services,3,NY
730,Inc5000 Company List,730,23161,730,5,Odyssey Telecommunications,Colden,Buffalo-Niagara Falls NY,626.04,4141568,Telecommunications,2,NY
756,Inc5000 Company List,756,21012,756,25,Quantum Networks,New York,New York City,603.09,22950287,Consumer Products & Services,3,NY
766,Inc5000 Company List,766,23319,766,122,Quality In Real Time,Floral Park,New York City,594.27,4913030,Health,2,NY
773,Inc5000 Company List,773,309,773,488,Systems Made Simple,Syracuse,Syracuse NY,590.97,278715000,IT Services,6,NY
780,Inc5000 Company List,780,22978,780,18,Renegade Furniture Group,Cedarhurst,New York City,582.96,12396770,Retail,2,NY
792,Inc5000 Company List,792,24934,792,39,JW Michaels,New York,New York City,575.86,9072576,Business Products & Services,1,NY
838,Inc5000 Company List,838,26216,838,31,Platinum Drive Realty,Scarsdale,New York City,540.65,2263373,Real Estate,1,NY
858,Inc5000 Company List,858,24811,858,20,Sun Broadcast Group,New York,New York City,525.84,4709929,Media,1,NY
889,Inc5000 Company List,889,25428,889,22,Olo,New York,New York City,503.09,3495032,Software,1,NY
897,Inc5000 Company List,897,23366,897,150,Private Prep,New York,New York City,498.53,4424658,Education,2,NY
898,Inc5000 Company List,898,26407,898,108,Johnson Security Bureau,Bronx,New York City,497.02,3242862,Security,1,NY
907,Inc5000 Company List,907,26307,907,11,Inspiria Media,White Plains,New York City,494.37,2325282,Media,1,NY
920,Inc5000 Company List,920,21173,920,350,MediaMath,New York,New York City,489.92,310820958,Advertising & Marketing,2,NY
921,Inc5000 Company List,921,22124,921,50,Tower Legal Solutions,New York,New York City,489.19,83091126,Business Products & Services,2,NY
925,Inc5000 Company List,925,23354,925,15,Vector Media Group,New York,New York City,487.07,2930153,Advertising & Marketing,2,NY
949,Inc5000 Company List,949,23391,949,92,Fingerpaint,Saratoga Springs,Albany-Schenectady-Troy NY,475.65,18680000,Advertising & Marketing,2,NY
967,Inc5000 Company List,967,17322,967,275,Thrillist Media Group,New York,New York City,465.56,83069000,Media,5,NY
977,Inc5000 Company List,977,25328,977,100,Silverline,New York,New York City,458.62,16098296,IT Services,1,NY
979,Inc5000 Company List,979,25607,979,73,Kanta Electric,Woodside,New York City,457.39,28221630,Construction,1,NY
983,Inc5000 Company List,983,25264,983,6,Fisher Wallace Laboratories,New York,New York City,455.37,2119497,Health,1,NY
984,Inc5000 Company List,984,25978,984,15,Motivate Design,New York,New York City,455.26,2060000,Business Products & Services,1,NY
994,Inc5000 Company List,994,26504,994,16,Grass Roots Meetings & Events,New York,New York City,452.53,4149496,Business Products & Services,1,NY
1008,Inc5000 Company List,1008,23235,1008,23,Largetail,New York,New York City,441.8,5120000,Advertising & Marketing,2,NY
1011,Inc5000 Company List,1011,26614,1011,8,Madécasse Chocolate,Brooklyn,New York City,440.59,2571053,Food & Beverage,1,NY
1012,Inc5000 Company List,1012,23108,1012,38,Ivy Exec,New York,New York City,439.62,3253393,Human Resources,2,NY
1047,Inc5000 Company List,1047,23459,1047,33,Imagine Easy Solutions,New York,New York City,425.4,6312029,Education,2,NY
1067,Inc5000 Company List,1067,25462,1067,16,Ypulse,New York,New York City,418.1,2953150,Business Products & Services,1,NY
1095,Inc5000 Company List,1095,25476,1095,121,KEMP Technologies,New York,New York City,405.72,24330000,Software,1,NY
1098,Inc5000 Company List,1098,24999,1098,8,Dorm Company,Cheektowaga,Buffalo-Niagara Falls NY,405.01,3973219,Retail,1,NY
1109,Inc5000 Company List,1109,26065,1109,30,Wafels & Dinges,New York,New York City,400.87,3022693,Food & Beverage,1,NY
1113,Inc5000 Company List,1113,25939,1113,13,Olollo,Brooklyn,New York City,398.61,2040830,Manufacturing,1,NY
1115,Inc5000 Company List,1115,25875,1115,24,ColoCrossing,Williamsville,Buffalo-Niagara Falls NY,397.11,5992662,IT Services,1,NY
1133,Inc5000 Company List,1133,20979,1133,143,Livestream,New York,New York City,389.68,25138134,Media,3,NY
1161,Inc5000 Company List,1161,25972,1161,8,Hover Networks,Buffalo,Buffalo-Niagara Falls NY,377.63,2115346,Telecommunications,1,NY
1174,Inc5000 Company List,1174,25318,1174,11,Skylight Group,New York,New York City,372.51,9062471,Real Estate,1,NY
1180,Inc5000 Company List,1180,25189,1180,18,TheRTAStore.com,Hopewell Junction,Poughkeepsie-Newburgh-Middletown NY,371.84,10049489,Retail,1,NY
1184,Inc5000 Company List,1184,26497,1184,79,RealMatch,New York,New York City,370,9308936,Business Products & Services,1,NY
1187,Inc5000 Company List,1187,22290,1187,28,Spicer Group,Buffalo,Buffalo-Niagara Falls NY,369.52,8873729,Construction,3,NY
1205,Inc5000 Company List,1205,22235,1205,42,Sub Rosa,New York,New York City,361.95,13073497,Advertising & Marketing,3,NY
1214,Inc5000 Company List,1214,25170,1214,41,MobileFuse,Manhasset,New York City,359.98,11264047,Advertising & Marketing,1,NY
1216,Inc5000 Company List,1216,26282,1216,15,Winterbridge Media,White Plains,New York City,359.37,9695241,Advertising & Marketing,1,NY
1237,Inc5000 Company List,1237,23425,1237,285,Payoneer,New York,New York City,352.15,58079000,Financial Services,2,NY
1238,Inc5000 Company List,1238,17954,1238,11,Factory 360,New York,New York City,352.13,7769004,Advertising & Marketing,4,NY
1248,Inc5000 Company List,1248,26194,1248,322,Maxymiser,New York,New York City,349.05,23620000,Software,1,NY
1284,Inc5000 Company List,1284,24935,1284,44,Verity Wine Partners,New York,New York City,336.61,34831089,Food & Beverage,1,NY
1298,Inc5000 Company List,1298,24634,1298,108,Walsh Electrical Contracting,Staten Island,New York City,332.45,20622708,Construction,1,NY
1302,Inc5000 Company List,1302,25187,1302,7,MaxBurst,Farmingdale,New York City,331.42,2535250,IT Services,1,NY
1310,Inc5000 Company List,1310,23227,1310,34,MASS Communications,New York,New York City,329.54,12947510,Telecommunications,2,NY
1344,Inc5000 Company List,1344,25082,1344,14,Trinity Logistics USA,Valley Stream,New York City,321.04,16051867,Logistics & Transportation,1,NY
1371,Inc5000 Company List,1371,19576,1371,80,Rebecca Minkoff,New York,New York City,313.81,70058676,Retail,4,NY
1378,Inc5000 Company List,1378,26023,1378,55,Precise Leads,New York,New York City,311.02,13133811,Advertising & Marketing,1,NY
1401,Inc5000 Company List,1401,25174,1401,80,Makosi,New York,New York City,305.64,8935500,Financial Services,1,NY
1411,Inc5000 Company List,1411,1167,1411,55,QueBIT,Scarsdale,New York City,303.48,19893669,IT Services,8,NY
1427,Inc5000 Company List,1427,26511,1427,10,Stratus Prep,New York,New York City,299,4019029,Education,1,NY
1453,Inc5000 Company List,1453,26213,1453,298,Purch,New York,New York City,293.98,62158000,Media,1,NY
1472,Inc5000 Company List,1472,21868,1472,23,Andiamo Partners,New York,New York City,290.35,8375650,Human Resources,3,NY
1483,Inc5000 Company List,1483,23988,1483,15,1st Equity Title & Closing Services,Syosset,New York City,288.93,3255445,Real Estate,2,NY
1532,Inc5000 Company List,1532,23242,1532,39,Integra Networks,Latham,Albany-Schenectady-Troy NY,278.97,22729656,Telecommunications,2,NY
1540,Inc5000 Company List,1540,21390,1540,37,babyganics,Westbury,New York City,277.04,30020000,Health,2,NY
1552,Inc5000 Company List,1552,24813,1552,14,Custom Media Environments,Hicksville,New York City,274.09,3964158,Business Products & Services,1,NY
1591,Inc5000 Company List,1591,23578,1591,55,Madison Logic,New York,New York City,267.78,18731000,Advertising & Marketing,2,NY
1598,Inc5000 Company List,1598,25396,1598,88,Convene (New York NY),New York,New York City,266.31,18567366,Business Products & Services,1,NY
1599,Inc5000 Company List,1599,26512,1599,10,Washington Street Properties,Watertown,Watertown-Fort Drum NY,266.06,2209170,Real Estate,1,NY
1606,Inc5000 Company List,1606,26310,1606,7,Nassau National Cable,Great Neck,New York City,265.06,4170588,Business Products & Services,1,NY
1609,Inc5000 Company List,1609,21218,1609,70,Driven Local,Melville,New York City,264.81,9434464,Advertising & Marketing,3,NY
1628,Inc5000 Company List,1628,25157,1628,12,UpClear,New York,New York City,261.58,2003900,Software,1,NY
1641,Inc5000 Company List,1641,26556,1641,130,123Stores,New York,New York City,258.91,21389220,Retail,1,NY
1643,Inc5000 Company List,1643,26148,1643,70,Bisnow Media,New York,New York City,258.12,13798646,Real Estate,1,NY
1653,Inc5000 Company List,1653,26003,1653,22,Chinese American IPA,New York,New York City,256.04,17282000,Health,1,NY
1665,Inc5000 Company List,1665,26285,1665,110,Eastern Union Funding,Brooklyn,New York City,253.35,13108360,Real Estate,1,NY
1696,Inc5000 Company List,1696,26500,1696,50,Miller/Howard Investments,Woodstock,Kingston NY,247.87,21772812,Financial Services,1,NY
1727,Inc5000 Company List,1727,24893,1727,138,Agio,New York,New York City,242.37,21759035,IT Services,1,NY
1735,Inc5000 Company List,1735,23558,1735,10,Berricle,Whitestone,New York City,240.51,2712729,Retail,2,NY
1738,Inc5000 Company List,1738,25694,1738,11,Schaefer Enterprises,New York,New York City,239.97,6605871,Insurance,1,NY
1740,Inc5000 Company List,1740,24963,1740,3,Bank Associates Merchant Services,Brooklyn,New York City,239.71,3227200,Financial Services,1,NY
1744,Inc5000 Company List,1744,25523,1744,104,Datalot,Brooklyn,New York City,238.72,20102921,Business Products & Services,1,NY
1749,Inc5000 Company List,1749,23566,1749,73,Decorplanet.com,New York,New York City,238.22,18932000,Retail,2,NY
1756,Inc5000 Company List,1756,25131,1756,41,Tasting Table,New York,New York City,237.42,8697262,Food & Beverage,1,NY
1805,Inc5000 Company List,1805,25724,1805,125,Global Facility Management & Construction,Melville,New York City,228.61,57652000,Construction,1,NY
1820,Inc5000 Company List,1820,4186,1820,27,Wendel Energy Services,Buffalo,Buffalo-Niagara Falls NY,226.89,25661613,Energy,3,NY
1822,Inc5000 Company List,1822,25898,1822,176,Mark Cerrone,Niagara Falls,Buffalo-Niagara Falls NY,226.68,62011409,Construction,1,NY
1827,Inc5000 Company List,1827,25258,1827,200,Imacuclean Cleaning Services,New York,New York City,225.97,3850247,Business Products & Services,1,NY
1828,Inc5000 Company List,1828,23609,1828,62,City Sounds of NY,New York,New York City,225.73,2933840,Education,2,NY
1831,Inc5000 Company List,1831,21583,1831,44,Deep Blue Communications,Latham,Albany-Schenectady-Troy NY,224.66,7660279,IT Services,3,NY
1840,Inc5000 Company List,1840,24707,1840,150,Mondo,New York,New York City,223.29,53701000,IT Services,1,NY
1849,Inc5000 Company List,1849,25077,1849,60,Strategic Delivery Solutions,Farmingdale,New York City,221.86,30756149,Logistics & Transportation,1,NY
1928,Inc5000 Company List,1928,24843,1928,40,Mad Mimi,New York,New York City,210.81,6938497,Software,1,NY
1944,Inc5000 Company List,1944,22041,1944,41,IntraLogic Solutions,Massapequa,New York City,208.67,6188003,Security,3,NY
1947,Inc5000 Company List,1947,24992,1947,27,Digiday,New York,New York City,208.38,5662319,Media,1,NY
1950,Inc5000 Company List,1950,22014,1950,278,nfrastructure,Clifton Park,Albany-Schenectady-Troy NY,208.06,70037502,IT Services,3,NY
1963,Inc5000 Company List,1963,25911,1963,95,InfoPeople,New York,New York City,207.05,10135580,IT Services,1,NY
1964,Inc5000 Company List,1964,13531,1964,63,LaserMax,Rochester,Rochester NY,207,16212284,Manufacturing,2,NY
1967,Inc5000 Company List,1967,21801,1967,54,Clevertech,New York,New York City,206.89,4223193,Software,2,NY
2000,Inc5000 Company List,2000,21506,2000,205,SmartWatt Energy,Ballston Lake,Albany-Schenectady-Troy NY,203.36,48778380,Energy,3,NY
2030,Inc5000 Company List,2030,22096,2030,101,Creative Environment Solutions,New York,New York City,199.23,9917309,Environmental Services,3,NY
2045,Inc5000 Company List,2045,21800,2045,30,New York Technology Partners,Rochester,Rochester NY,197.64,4372052,IT Services,3,NY
2052,Inc5000 Company List,2052,23399,2052,8,In the Know Experiences,New York,New York City,196.2,6048296,Travel & Hospitality,2,NY
2066,Inc5000 Company List,2066,21425,2066,198,TigerSpike,New York,New York City,194.46,17309368,Media,2,NY
2068,Inc5000 Company List,2068,26304,2068,26,Indagare,New York,New York City,194.42,3801000,Travel & Hospitality,1,NY
2098,Inc5000 Company List,2098,23787,2098,37,Durante Rentals,Bronx,New York City,190.76,7090903,Construction,2,NY
2122,Inc5000 Company List,2122,23181,2122,19,Grok,New York,New York City,188.18,6939060,Advertising & Marketing,2,NY
2128,Inc5000 Company List,2128,2630,2128,529,ConServe,Fairport,Rochester NY,187.64,80780987,Financial Services,4,NY
2151,Inc5000 Company List,2151,26415,2151,60,Engine Shop,New York,New York City,184.76,9605944,Advertising & Marketing,1,NY
2189,Inc5000 Company List,2189,26477,2189,133,IPS,Hauppauge,New York City,181.35,14390548,Engineering,1,NY
2224,Inc5000 Company List,2224,25508,2224,28,Windsor Resources,New York,New York City,176.4,5732950,Human Resources,1,NY
2232,Inc5000 Company List,2232,21738,2232,8,Society Awards,Long Island City,New York City,175.3,3677822,Consumer Products & Services,3,NY
2266,Inc5000 Company List,2266,23551,2266,34,InRhythm,New York,New York City,172.62,3792706,IT Services,2,NY
2269,Inc5000 Company List,2269,2044,2269,125,Tarte,New York,New York City,172.05,67645092,Retail,7,NY
2298,Inc5000 Company List,2298,25146,2298,75,CareMed Pharmaceutical Services,Lake Success,New York City,169.35,216136570,Health,1,NY
2310,Inc5000 Company List,2310,25243,2310,12,National Structures,Syracuse,Syracuse NY,168.63,5155000,Construction,1,NY
2311,Inc5000 Company List,2311,19554,2311,190,Blue Fountain Media,New York,New York City,168.44,16374118,Advertising & Marketing,4,NY
2318,Inc5000 Company List,2318,23801,2318,20,Reliance Star Payment Services,Great Neck,New York City,167.48,2377720,Financial Services,2,NY
2353,Inc5000 Company List,2353,2234,2353,425,Bluewolf,New York,New York City,165.1,114164000,IT Services,8,NY
2370,Inc5000 Company List,2370,21281,2370,55,Launchpad Advertising,New York,New York City,163.19,8114000,Advertising & Marketing,3,NY
2376,Inc5000 Company List,2376,25304,2376,8,Paragon Uniform & Apparel,White Plains,New York City,162.47,2711167,Retail,1,NY
2379,Inc5000 Company List,2379,26474,2379,53,DiMassimo Goldstein,New York,New York City,161.96,30615918,Advertising & Marketing,1,NY
2399,Inc5000 Company List,2399,21665,2399,51,Fuzz,Brooklyn,New York City,160.6,6460313,Software,2,NY
2422,Inc5000 Company List,2422,23623,2422,112,Dstillery,New York,New York City,158.74,52858000,Advertising & Marketing,2,NY
2427,Inc5000 Company List,2427,26572,2427,573,Varonis Systems,New York,New York City,158.5,74616000,Software,1,NY
2463,Inc5000 Company List,2463,17274,2463,1117,Yodle,New York,New York City,155.22,161863000,Advertising & Marketing,4,NY
2477,Inc5000 Company List,2477,23724,2477,3,Tribeca Merchandisers,Lindenhurst,New York City,154.12,4802887,Consumer Products & Services,2,NY
2493,Inc5000 Company List,2493,24208,2493,140,Alphaserve Technologies,New York,New York City,152.41,24894872,IT Services,2,NY
2495,Inc5000 Company List,2495,23248,2495,56,Rockhedge Herb Farms,Pleasant Valley,Poughkeepsie-Newburgh-Middletown NY,152.39,5451336,Food & Beverage,2,NY
2505,Inc5000 Company List,2505,23911,2505,15,WorkCompEDI,Holbrook,New York City,151.32,3908000,Business Products & Services,2,NY
2525,Inc5000 Company List,2525,20681,2525,985,SterlingBackcheck,New York,New York City,149.74,246857000,Human Resources,5,NY
2543,Inc5000 Company List,2543,3785,2543,49,Myriad Supply,New York,New York City,148.17,37918253,Computer Hardware,6,NY
2563,Inc5000 Company List,2563,2846,2563,20,MyOTCStore.com,East Elmhurst,New York City,146.92,39808971,Retail,7,NY
2572,Inc5000 Company List,2572,23553,2572,18,Trepoint,Great Neck,New York City,146.3,4464395,Advertising & Marketing,2,NY
2574,Inc5000 Company List,2574,19730,2574,6,Forward Health,New York,New York City,146.12,8710384,Health,4,NY
2604,Inc5000 Company List,2604,24929,2604,6,Capital Markets Placement,New York,New York City,144.13,2329608,Human Resources,1,NY
2606,Inc5000 Company List,2606,21528,2606,49,Servomation,Canastota,Syracuse NY,144.05,7309902,Food & Beverage,3,NY
2616,Inc5000 Company List,2616,20472,2616,161,D4,Rochester,Rochester NY,143.73,18292692,IT Services,4,NY
2622,Inc5000 Company List,2622,25471,2622,44,Knowledge Delivery Systems,New York,New York City,143.34,8175806,Education,1,NY
2641,Inc5000 Company List,2641,21450,2641,21,Cipher Tech Solutions,Upper Nyack,New York City,142.13,3109403,Government Services,3,NY
2644,Inc5000 Company List,2644,21406,2644,150,UrbanDaddy,New York,New York City,141.73,19903187,Media,2,NY
2664,Inc5000 Company List,2664,25103,2664,7,Avanti Systems USA,Port Chester,New York City,140.97,2085237,Construction,1,NY
2666,Inc5000 Company List,2666,24027,2666,19,Primary Wave Media,Pleasantville,New York City,140.75,3565000,Advertising & Marketing,2,NY
2680,Inc5000 Company List,2680,23965,2680,400,Shinetech Software,New York,New York City,140.31,14500768,IT Services,2,NY
2681,Inc5000 Company List,2681,19528,2681,7,Peeled Snacks,Brooklyn,New York City,140.22,4829580,Food & Beverage,4,NY
2685,Inc5000 Company List,2685,25119,2685,160,Green Key Resources,New York,New York City,139.87,61088847,Human Resources,1,NY
2703,Inc5000 Company List,2703,19258,2703,24,TekScape,New York,New York City,138.4,12796191,IT Services,4,NY
2734,Inc5000 Company List,2734,24882,2734,16,Myriad Tech Solutions,New York,New York City,136.7,2276300,IT Services,1,NY
2736,Inc5000 Company List,2736,25701,2736,14,Sequent Learning Networks,New York,New York City,136.47,3107877,Business Products & Services,1,NY
2763,Inc5000 Company List,2763,25763,2763,14,Elegante Custom Stone Boutique by Zicana,Westbury,New York City,134.58,3008359,Retail,1,NY
2789,Inc5000 Company List,2789,19321,2789,42,Enstoa,New York,New York City,132.74,8088027,IT Services,4,NY
2795,Inc5000 Company List,2795,11471,2795,41,Northern Lights Post,New York,New York City,132.27,16445046,Media,2,NY
2802,Inc5000 Company List,2802,26560,2802,125,Visual Citi,West Babylon,New York City,131.78,13254901,Manufacturing,1,NY
2850,Inc5000 Company List,2850,23968,2850,37,Cafe Grumpy,Brooklyn,New York City,129.18,2760847,Food & Beverage,2,NY
2853,Inc5000 Company List,2853,25567,2853,10,DanniJo,New York,New York City,129.06,3797400,Retail,1,NY
2872,Inc5000 Company List,2872,21971,2872,27,Central Park West Dentistry,New York,New York City,127.88,4761566,Health,3,NY
2916,Inc5000 Company List,2916,273,2916,242,5Linx Enterprises,Rochester,Rochester NY,124.59,112397000,Telecommunications,9,NY
2929,Inc5000 Company List,2929,21842,2929,24,SportsSignup,Latham,Albany-Schenectady-Troy NY,123.6,4178513,Software,3,NY
2937,Inc5000 Company List,2937,22377,2937,563,Linium,New York,New York City,123.03,57066771,Business Products & Services,3,NY
2964,Inc5000 Company List,2964,25195,2964,50,Appliances Connection,Brooklyn,New York City,121.66,115625529,Consumer Products & Services,1,NY
3004,Inc5000 Company List,3004,152,3004,145,CPXi,New York,New York City,118.83,111440000,Advertising & Marketing,4,NY
3012,Inc5000 Company List,3012,19476,3012,41,BountyJobs,New York,New York City,118.44,35344272,Human Resources,4,NY
3023,Inc5000 Company List,3023,24844,3023,18,Five Blocks,New York,New York City,118.12,2134135,Business Products & Services,1,NY
3056,Inc5000 Company List,3056,23847,3056,123,Signature Systems Group,New York,New York City,116.37,79260659,Manufacturing,6,NY
3060,Inc5000 Company List,3060,25888,3060,5,Eye5 Mktg & Talent,New York,New York City,116.32,2113987,Advertising & Marketing,1,NY
3061,Inc5000 Company List,3061,22151,3061,29,DiGennaro Communications,New York,New York City,116.31,5013766,Advertising & Marketing,4,NY
3065,Inc5000 Company List,3065,19897,3065,277,PM Pediatrics,Lake Success,New York City,116.02,18144714,Health,4,NY
3097,Inc5000 Company List,3097,22094,3097,70,Fortus Healthcare Resources,Utica,Utica-Rome NY,114.32,7435531,Health,3,NY
3102,Inc5000 Company List,3102,17976,3102,38,Team Epiphany,New York,New York City,114.05,11064000,Advertising & Marketing,6,NY
3107,Inc5000 Company List,3107,20166,3107,100,Christmas Central,Cheektowaga,Buffalo-Niagara Falls NY,113.83,21748728,Retail,4,NY
3116,Inc5000 Company List,3116,20137,3116,83,Innovest Systems,New York,New York City,113.21,17385000,Financial Services,3,NY
3122,Inc5000 Company List,3122,57,3122,1469,ReSource Pro,New York,New York City,112.94,33583810,Insurance,6,NY
3127,Inc5000 Company List,3127,2900,3127,98,Celerant Technology,Staten Island,New York City,112.79,21443000,Software,7,NY
3185,Inc5000 Company List,3185,18103,3185,1000,DataArt,New York,New York City,109.76,38904081,Software,5,NY
3203,Inc5000 Company List,3203,1083,3203,180,Treo Solutions,Troy,Albany-Schenectady-Troy NY,108.73,28873000,Health,8,NY
3209,Inc5000 Company List,3209,21856,3209,5,Medical Supply Depot,Brooklyn,New York City,108.45,2869958,Retail,3,NY
3240,Inc5000 Company List,3240,25605,3240,120,FrontStreet Facility Solutions,Bohemia,New York City,106.73,53087800,Business Products & Services,1,NY
3297,Inc5000 Company List,3297,25531,3297,52,Adler Windows,Jamaica,New York City,102.87,7899903,Construction,1,NY
3327,Inc5000 Company List,3327,22073,3327,61,Systems Management/Planning,West Henrietta,Rochester NY,101.35,63706476,IT Services,4,NY
3374,Inc5000 Company List,3374,24389,3374,398,Empire Office,New York,New York City,99.28,411333000,Business Products & Services,2,NY
3385,Inc5000 Company List,3385,1558,3385,180,Sriven Systems,Melville,New York City,98.97,26820857,IT Services,6,NY
3431,Inc5000 Company List,3431,17974,3431,353,Telx,New York,New York City,97.15,256675000,Telecommunications,5,NY
3435,Inc5000 Company List,3435,26486,3435,14,Golden Link,Washingtonville,Poughkeepsie-Newburgh-Middletown NY,96.98,15779948,Business Products & Services,1,NY
3455,Inc5000 Company List,3455,42,3455,40,Nutricap Labs,Farmingdale,New York City,96.18,32237403,Health,6,NY
3465,Inc5000 Company List,3465,20194,3465,158,RVM,New York,New York City,95.79,27139044,Business Products & Services,4,NY
3503,Inc5000 Company List,3503,2872,3503,65,Wilen,Farmingdale,New York City,94.24,50104000,Advertising & Marketing,4,NY
3507,Inc5000 Company List,3507,23745,3507,20,Vcorp Services,Monsey,New York City,94.04,7717685,Business Products & Services,2,NY
3538,Inc5000 Company List,3538,17652,3538,250,Usablenet,New York,New York City,92.52,52140320,IT Services,5,NY
3577,Inc5000 Company List,3577,24495,3577,435,CAN Capital,New York,New York City,91.06,215503978,Financial Services,2,NY
3611,Inc5000 Company List,3611,22133,3611,38,SmartSign.com,Brooklyn,New York City,89.62,29737472,Business Products & Services,3,NY
3616,Inc5000 Company List,3616,26393,3616,8,Wizard Studios NY,Brooklyn,New York City,89.33,4442796,Media,1,NY
3642,Inc5000 Company List,3642,21887,3642,10,C2C Outdoor,New York,New York City,88.43,39283299,Advertising & Marketing,4,NY
3652,Inc5000 Company List,3652,24391,3652,10,BUMI,New York,New York City,88.17,2662441,IT Services,2,NY
3655,Inc5000 Company List,3655,23981,3655,124,Oxagile,New York,New York City,88.01,3685000,IT Services,2,NY
3657,Inc5000 Company List,3657,22277,3657,2411,FSO Onsite Outsourcing,New York,New York City,88,66249084,Human Resources,3,NY
3665,Inc5000 Company List,3665,24864,3665,27,Marathon Consulting (Brooklyn NY),Brooklyn,New York City,87.62,2706370,IT Services,1,NY
3671,Inc5000 Company List,3671,5394,3671,19,Capstone Information Technologies,Rochester,Rochester NY,87.46,2965583,IT Services,2,NY
3711,Inc5000 Company List,3711,25224,3711,63,Junkluggers,New York,New York City,85.69,3016015,Environmental Services,1,NY
3719,Inc5000 Company List,3719,2391,3719,280,Fibertech Networks,Rochester,Rochester NY,85.49,169474767,Telecommunications,8,NY
3740,Inc5000 Company List,3740,21608,3740,16,Advantage Communications Group,Roslyn Heights,New York City,84.55,6384084,Telecommunications,3,NY
3763,Inc5000 Company List,3763,3806,3763,84,Q.E.D.,New York,New York City,83.51,9055453,IT Services,6,NY
3770,Inc5000 Company List,3770,23554,3770,11,ALAC International,New York,New York City,83.31,61269986,Business Products & Services,2,NY
3773,Inc5000 Company List,3773,5293,3773,46,Resolute Digital,New York,New York City,83.16,12581095,Advertising & Marketing,2,NY
3839,Inc5000 Company List,3839,17931,3839,78,Onco360,New York,New York City,80.77,121787440,Health,4,NY
3858,Inc5000 Company List,3858,24973,3858,50,Reddy Care Physical Therapy,Great Neck,New York City,79.97,2989511,Health,1,NY
3922,Inc5000 Company List,3922,26336,3922,27,Concierge Auctions,New York,New York City,77.6,11150000,Real Estate,1,NY
4003,Inc5000 Company List,4003,26171,4003,29,The Everest Equity Company,Suffern,New York City,74.68,3110818,Financial Services,1,NY
4084,Inc5000 Company List,4084,2717,4084,72,Prosek Partners,New York,New York City,72.07,17396497,Advertising & Marketing,6,NY
4105,Inc5000 Company List,4105,22660,4105,26,Business Communications Management,New York,New York City,71.2,12885127,Telecommunications,3,NY
4115,Inc5000 Company List,4115,20748,4115,58,HR Works,Fairport,Rochester NY,70.85,4818000,Human Resources,4,NY
4117,Inc5000 Company List,4117,4583,4117,154,Liberty Pumps,Bergen,Batavia NY,70.76,74620076,Manufacturing,8,NY
4118,Inc5000 Company List,4118,824,4118,65,Send Word Now,New York,New York City,70.73,19308000,Telecommunications,7,NY
4124,Inc5000 Company List,4124,25858,4124,19,TEKConn Services,New York,New York City,70.53,2135488,IT Services,1,NY
4130,Inc5000 Company List,4130,6959,4130,250,BPA International,Carle Place,New York City,70.33,8345807,Telecommunications,6,NY
4136,Inc5000 Company List,4136,25478,4136,423,Calypso St. Barth,Long Island City,New York City,70.2,79440775,Retail,1,NY
4152,Inc5000 Company List,4152,3020,4152,30000,Sutherland Global Services,Pittsford,Rochester NY,69.68,771259000,Business Products & Services,8,NY
4164,Inc5000 Company List,4164,10960,4164,45,Maxons Restorations,New York,New York City,69.26,22455093,Construction,2,NY
4178,Inc5000 Company List,4178,1588,4178,97,Tully Rinckey,Albany,Albany-Schenectady-Troy NY,68.83,11355212,Consumer Products & Services,6,NY
4185,Inc5000 Company List,4185,18528,4185,127,LeadDog Marketing Group,New York,New York City,68.57,36083000,Advertising & Marketing,5,NY
4187,Inc5000 Company List,4187,26588,4187,27,Commercial Capital Training Group,Albany,Albany-Schenectady-Troy NY,68.57,2260709,Education,1,NY
4216,Inc5000 Company List,4216,21962,4216,78,Rain,New York,New York City,67.66,11727750,Advertising & Marketing,3,NY
4229,Inc5000 Company List,4229,3263,4229,71,ClassBook.com,Castleton,Albany-Schenectady-Troy NY,67.14,12047971,Education,7,NY
4252,Inc5000 Company List,4252,25617,4252,24,Signarama Huntington NY,Huntington Station,New York City,66.22,3626727,Business Products & Services,1,NY
4285,Inc5000 Company List,4285,4027,4285,600,Arrow Security,Smithtown,New York City,65.09,16670314,Security,3,NY
4298,Inc5000 Company List,4298,26212,4298,372,Velocity Technology Solutions,New York,New York City,64.77,87392941,IT Services,1,NY
4320,Inc5000 Company List,4320,24274,4320,39,Gerstein Fisher,New York,New York City,64.3,12239756,Financial Services,2,NY
4328,Inc5000 Company List,4328,3696,4328,48,Sentry Communications & Security,Hicksville,New York City,63.83,6657891,Security,7,NY
4338,Inc5000 Company List,4338,25045,4338,50,Informz,Saratoga Springs,Albany-Schenectady-Troy NY,63.46,9262493,Software,1,NY
4342,Inc5000 Company List,4342,1920,4342,350,Infinity Consulting Solutions,New York,New York City,63.34,42190905,Human Resources,8,NY
4348,Inc5000 Company List,4348,23962,4348,22,Bear Metal Works,Buffalo,Buffalo-Niagara Falls NY,63.23,2504000,Manufacturing,2,NY
4362,Inc5000 Company List,4362,24558,4362,25,Documentation Strategies,Rensselaer,Albany-Schenectady-Troy NY,62.79,3206900,IT Services,2,NY
4368,Inc5000 Company List,4368,20896,4368,57,Brite Computers,Victor,Rochester NY,62.56,27165570,IT Services,4,NY
4374,Inc5000 Company List,4374,19571,4374,92,WTP Advisors,White Plains,New York City,62.43,19212864,Business Products & Services,4,NY
4395,Inc5000 Company List,4395,18969,4395,1400,Fragomen,New York,New York City,61.59,387000000,Business Products & Services,4,NY
4397,Inc5000 Company List,4397,26333,4397,5017,Aspen Dental,East Syracuse,Syracuse NY,61.51,664427805,Health,1,NY
4403,Inc5000 Company List,4403,24910,4403,50,Active Web Group,Hauppauge,New York City,61.27,2906248,Advertising & Marketing,1,NY
4429,Inc5000 Company List,4429,4450,4429,114,Annese & Associates,Clifton Park,Albany-Schenectady-Troy NY,60.53,84042083,Telecommunications,5,NY
4430,Inc5000 Company List,4430,24472,4430,28,Select Office Suites,New York,New York City,60.51,8369170,Real Estate,2,NY
4442,Inc5000 Company List,4442,1778,4442,2847,TransPerfect,New York,New York City,59.78,401561454,Business Products & Services,7,NY
4449,Inc5000 Company List,4449,7303,4449,32,Copier Fax Business Technologies,Buffalo,Buffalo-Niagara Falls NY,59.59,6036369,Business Products & Services,6,NY
4457,Inc5000 Company List,4457,20312,4457,25,Proactive Technologies,New York,New York City,59.29,4194000,IT Services,4,NY
4462,Inc5000 Company List,4462,22726,4462,138,NorthPoint,New York,New York City,59,29028170,Business Products & Services,3,NY
4493,Inc5000 Company List,4493,19969,4493,14,SignTalk,Brooklyn,New York City,57.79,6471000,Business Products & Services,3,NY
4499,Inc5000 Company List,4499,24203,4499,27,GraduationSource,Port Chester,New York City,57.74,6231097,Education,2,NY
4501,Inc5000 Company List,4501,3912,4501,32,Cvision Technologies,Forest Hills,New York City,57.67,5343260,Software,6,NY
4508,Inc5000 Company List,4508,3309,4508,87,Rand Engineering & Architecture,New York,New York City,57.41,10681860,Engineering,5,NY
4511,Inc5000 Company List,4511,22419,4511,20,LISS Consulting,Lake Success,New York City,57.32,2469793,IT Services,3,NY
4534,Inc5000 Company List,4534,1839,4534,48,Pinckney Hugo Group,Syracuse,Syracuse NY,56.87,15705856,Advertising & Marketing,7,NY
4535,Inc5000 Company List,4535,25635,4535,138,ClickSpark,Henrietta,Rochester NY,56.85,7888039,Education,1,NY
4549,Inc5000 Company List,4549,22533,4549,111,U.S. Energy Development,Getzville,Buffalo-Niagara Falls NY,56.33,92222216,Energy,6,NY
4563,Inc5000 Company List,4563,24059,4563,50,Taylor Creative,New York,New York City,55.9,10264536,Advertising & Marketing,2,NY
4564,Inc5000 Company List,4564,23501,4564,22,Dionysus Consulting,West Islip,New York City,55.9,3722010,Advertising & Marketing,2,NY
4570,Inc5000 Company List,4570,24282,4570,14,Integrated Systems Management,Tarrytown,New York City,55.79,5035000,IT Services,2,NY
4571,Inc5000 Company List,4571,3982,4571,42,Kee Safety,Buffalo,Buffalo-Niagara Falls NY,55.73,16044047,Manufacturing,7,NY
4592,Inc5000 Company List,4592,18513,4592,65,Bogota Latin Bistro,Brooklyn,New York City,55.09,4507573,Food & Beverage,5,NY
4631,Inc5000 Company List,4631,25624,4631,80,Transbeam,New York,New York City,53.82,18695000,Telecommunications,1,NY
4642,Inc5000 Company List,4642,18948,4642,11,SoundSense,East Hampton,New York City,53.54,3496958,Engineering,2,NY
4649,Inc5000 Company List,4649,3072,4649,1080,Mazzone Management Group,Scotia,Albany-Schenectady-Troy NY,53.39,37334900,Food & Beverage,4,NY
4673,Inc5000 Company List,4673,8906,4673,137,Atrium Staffing,New York,New York City,52.63,138430000,Human Resources,5,NY
4702,Inc5000 Company List,4702,4698,4702,70,The Lloyd Group,New York,New York City,51.81,11471000,IT Services,8,NY
4729,Inc5000 Company List,4729,18250,4729,75,Butler/Till,Rochester,Rochester NY,50.95,8894590,Advertising & Marketing,4,NY
4744,Inc5000 Company List,4744,4540,4744,60,Sullivan,New York,New York City,50.39,9774517,Advertising & Marketing,5,NY
4746,Inc5000 Company List,4746,25381,4746,110,The Sam Tell Companies,Farmingdale,New York City,50.35,53062753,Food & Beverage,1,NY
4747,Inc5000 Company List,4747,6043,4747,240,Etransmedia Technology,Troy,Albany-Schenectady-Troy NY,50.34,25576160,Health,8,NY
4760,Inc5000 Company List,4760,17727,4760,955,Focus Financial Partners,New York,New York City,49.93,268935000,Financial Services,3,NY
4776,Inc5000 Company List,4776,7316,4776,39,American Christmas,Mount Vernon,New York City,49.43,10700581,Business Products & Services,2,NY
4779,Inc5000 Company List,4779,3345,4779,75,Transfinder,Schenectady,Albany-Schenectady-Troy NY,49.31,8596503,Software,8,NY
4834,Inc5000 Company List,4834,24750,4834,3279,Summit Security Services,Uniondale,New York City,47.73,109860165,Security,1,NY
4837,Inc5000 Company List,4837,3195,4837,160,Net@Work,New York,New York City,47.69,33230467,IT Services,8,NY
4867,Inc5000 Company List,4867,24418,4867,18,Edulence,New York,New York City,46.89,2512730,Software,2,NY
4880,Inc5000 Company List,4880,20059,4880,148,Atlas Painting and Sheeting,Amherst,Buffalo-Niagara Falls NY,46.45,24880730,Construction,2,NY
4892,Inc5000 Company List,4892,20418,4892,95,Formula PR,New York,New York City,46.03,13099005,Advertising & Marketing,4,NY
4907,Inc5000 Company List,4907,25984,4907,16,L-Tron,Victor,Rochester NY,45.51,11283000,Business Products & Services,1,NY
4915,Inc5000 Company List,4915,25818,4915,26,DWM Facilities Maintenance,Latham,Albany-Schenectady-Troy NY,45.11,14956998,Business Products & Services,1,NY
4942,Inc5000 Company List,4942,8096,4942,80,Huff 'N Puff,Schenectady,Albany-Schenectady-Troy NY,44.31,7897624,Construction,2,NY
4946,Inc5000 Company List,4946,22316,4946,125,Vicom Computer Services,Farmingdale,New York City,44.18,97247651,IT Services,2,NY
4956,Inc5000 Company List,4956,26215,4956,68,Krauter & Company,New York,New York City,43.85,19523776,Insurance,1,NY
4968,Inc5000 Company List,4968,22654,4968,15,DurAmerica Brokerage,Long Island City,New York City,43.57,3325597,Insurance,3,NY
4972,Inc5000 Company List,4972,24970,4972,110,Merchant Cash and Capital,New York,New York City,43.35,38715312,Financial Services,1,NY
4983,Inc5000 Company List,4983,25574,4983,26,Hawkins International PR,New York,New York City,42.96,2902000,Travel & Hospitality,1,NY
4992,Inc5000 Company List,4992,3463,4992,86,American Portfolios Financial Services,Holbrook,New York City,42.63,136072408,Financial Services,8,NY
